sale_id,date,item_id,product_name,quantity,price,amount
1062,2026-01-01,306,Xiaomi Laptops 306,3,45482,136446
1037,2026-01-01,209,Sony Tablets 209,3,27025,81075
1039,2026-01-01,211,Apple Tablets 211,5,64385,321925
1111,2026-01-01,427,Samsung Accessories 427,2,1448,2896
1107,2026-01-01,423,Canon Accessories 423,1,2877,2877
1054,2026-01-01,226,Noise Tablets 226,4,68549,274196
1163,2026-01-01,623,Boat Smart Watches 623,4,21002,84008
1190,2026-01-01,722,Apple Cameras 722,2,66641,133282
1072,2026-01-01,316,Lenovo Laptops 316,1,97199,97199
1145,2026-01-01,605,Samsung Smart Watches 605,5,7436,37180
1143,2026-01-01,603,HP Smart Watches 603,1,27815,27815
1025,2026-01-01,125,Lenovo Mobiles 125,2,50306,100612
1057,2026-01-02,301,Noise Laptops 301,1,74600,74600
1128,2026-01-02,516,Nikon Headphones 516,1,6419,6419
1162,2026-01-02,622,Sony Smart Watches 622,1,13137,13137
1078,2026-01-02,322,Noise Laptops 322,1,89695,89695
1083,2026-01-02,327,Dell Laptops 327,5,128184,640920
1041,2026-01-02,213,HP Tablets 213,1,66384,66384
1153,2026-01-02,613,Apple Smart Watches 613,3,12306,36918
1155,2026-01-03,615,Boat Smart Watches 615,2,26787,53574
1089,2026-01-03,405,Canon Accessories 405,3,4551,13653
1167,2026-01-03,627,Canon Smart Watches 627,5,3213,16065
1021,2026-01-03,121,Noise Mobiles 121,1,44973,44973
1007,2026-01-03,107,HP Mobiles 107,1,15695,15695
1185,2026-01-04,717,HP Cameras 717,4,156313,625252
1091,2026-01-04,407,Canon Accessories 407,3,3886,11658
1008,2026-01-04,108,HP Mobiles 108,3,57400,172200
1122,2026-01-04,510,Samsung Headphones 510,2,9098,18196
1075,2026-01-04,319,Sony Laptops 319,3,49171,147513
1147,2026-01-05,607,Canon Smart Watches 607,5,4635,23175
1102,2026-01-05,418,Sony Accessories 418,3,2953,8859
1050,2026-01-05,222,Canon Tablets 222,5,35720,178600
1023,2026-01-06,123,Apple Mobiles 123,2,49117,98234
1014,2026-01-06,114,Lenovo Mobiles 114,5,62581,312905
1139,2026-01-06,527,Dell Headphones 527,5,11248,56240
1186,2026-01-06,718,Xiaomi Cameras 718,2,89143,178286
1165,2026-01-06,625,Dell Smart Watches 625,3,24855,74565
1005,2026-01-06,105,Xiaomi Mobiles 105,1,65392,65392
1029,2026-01-06,201,Apple Tablets 201,4,31246,124984
1016,2026-01-07,116,Xiaomi Mobiles 116,3,44718,134154
1020,2026-01-07,120,Canon Mobiles 120,3,79352,238056
1106,2026-01-07,422,Samsung Accessories 422,2,2331,4662
1015,2026-01-07,115,Lenovo Mobiles 115,2,37869,75738
1103,2026-01-08,419,Xiaomi Accessories 419,2,4028,8056
1022,2026-01-08,122,Xiaomi Mobiles 122,1,69470,69470
1013,2026-01-08,113,Nikon Mobiles 113,3,38785,116355
1092,2026-01-08,408,HP Accessories 408,3,4470,13410
1066,2026-01-08,310,Xiaomi Laptops 310,1,143202,143202
1152,2026-01-08,612,Sony Smart Watches 612,1,24730,24730
1095,2026-01-08,411,Xiaomi Accessories 411,4,2094,8376
1172,2026-01-08,704,Apple Cameras 704,1,196133,196133
1099,2026-01-09,415,Sony Accessories 415,5,4107,20535
1131,2026-01-09,519,Dell Headphones 519,5,5853,29265
1150,2026-01-09,610,Xiaomi Smart Watches 610,5,21180,105900
1130,2026-01-09,518,Dell Headphones 518,3,4545,13635
1052,2026-01-09,224,Lenovo Tablets 224,1,19508,19508
1138,2026-01-09,526,Canon Headphones 526,4,8253,33012
1151,2026-01-10,611,Lenovo Smart Watches 611,5,15380,76900
1077,2026-01-10,321,Sony Laptops 321,2,131384,262768
1141,2026-01-10,601,Canon Smart Watches 601,5,24589,122945
1133,2026-01-10,521,Noise Headphones 521,2,13333,26666
1076,2026-01-11,320,Apple Laptops 320,3,134339,403017
1194,2026-01-11,726,Canon Cameras 726,5,146574,732870
1068,2026-01-11,312,Dell Laptops 312,5,43101,215505
1169,2026-01-11,701,Noise Cameras 701,1,70464,70464
1187,2026-01-11,719,HP Cameras 719,5,170659,853295
1135,2026-01-12,523,Canon Headphones 523,2,2869,5738
1192,2026-01-12,724,Noise Cameras 724,5,171608,858040
1074,2026-01-12,318,Nikon Laptops 318,2,130027,260054
1082,2026-01-12,326,Apple Laptops 326,1,77196,77196
1146,2026-01-12,606,Apple Smart Watches 606,4,17358,69432
1098,2026-01-13,414,Sony Accessories 414,1,3390,3390
1045,2026-01-13,217,Nikon Tablets 217,4,20250,81000
1120,2026-01-13,508,Sony Headphones 508,1,14528,14528
1096,2026-01-13,412,Dell Accessories 412,2,726,1452
1136,2026-01-13,524,Boat Headphones 524,1,11312,11312
1028,2026-01-13,128,Dell Mobiles 128,5,50857,254285
1184,2026-01-14,716,Xiaomi Cameras 716,4,82637,330548
1124,2026-01-14,512,Nikon Headphones 512,5,4130,20650
1148,2026-01-14,608,Samsung Smart Watches 608,5,4992,24960
1033,2026-01-14,205,Boat Tablets 205,5,52762,263810
1100,2026-01-14,416,Sony Accessories 416,1,3632,3632
1117,2026-01-14,505,Nikon Headphones 505,1,8018,8018
1119,2026-01-14,507,Xiaomi Headphones 507,3,8135,24405
1059,2026-01-14,303,Xiaomi Laptops 303,2,123507,247014
1081,2026-01-15,325,Noise Laptops 325,1,68010,68010
1032,2026-01-15,204,Dell Tablets 204,2,33250,66500
1183,2026-01-15,715,Boat Cameras 715,4,125646,502584
1085,2026-01-15,401,Noise Accessories 401,4,4915,19660
1064,2026-01-15,308,Xiaomi Laptops 308,4,71029,284116
1126,2026-01-15,514,Samsung Headphones 514,1,2524,2524
1012,2026-01-15,112,Nikon Mobiles 112,1,42087,42087
1053,2026-01-15,225,Nikon Tablets 225,1,61107,61107
1093,2026-01-15,409,Canon Accessories 409,5,834,4170
1110,2026-01-16,426,Apple Accessories 426,1,529,529
1176,2026-01-16,708,Canon Cameras 708,4,197222,788888
1170,2026-01-16,702,Noise Cameras 702,4,51054,204216
1017,2026-01-16,117,HP Mobiles 117,1,66155,66155
1051,2026-01-16,223,Apple Tablets 223,1,19801,19801
1171,2026-01-16,703,Boat Cameras 703,2,47936,95872
1088,2026-01-17,404,Nikon Accessories 404,2,2241,4482
1181,2026-01-17,713,HP Cameras 713,5,90324,451620
1044,2026-01-17,216,Samsung Tablets 216,3,53284,159852
1174,2026-01-17,706,Xiaomi Cameras 706,4,94014,376056
1193,2026-01-17,725,Boat Cameras 725,5,136985,684925
1003,2026-01-17,103,Dell Mobiles 103,1,40495,40495
1063,2026-01-18,307,Noise Laptops 307,3,72706,218118
1070,2026-01-18,314,Nikon Laptops 314,4,83404,333616
1168,2026-01-18,628,Canon Smart Watches 628,1,5267,5267
1104,2026-01-18,420,Boat Accessories 420,5,4823,24115
1191,2026-01-19,723,Apple Cameras 723,2,91551,183102
1180,2026-01-19,712,HP Cameras 712,4,35751,143004
1027,2026-01-19,127,Nikon Mobiles 127,4,31643,126572
1042,2026-01-19,214,Nikon Tablets 214,2,58376,116752
1043,2026-01-19,215,Samsung Tablets 215,4,52957,211828
1158,2026-01-19,618,Nikon Smart Watches 618,1,15369,15369
1071,2026-01-19,315,HP Laptops 315,4,45014,180056
1087,2026-01-19,403,Sony Accessories 403,2,1992,3984
1123,2026-01-19,511,Lenovo Headphones 511,1,14071,14071
1140,2026-01-20,528,Dell Headphones 528,5,3847,19235
1144,2026-01-20,604,Nikon Smart Watches 604,5,9366,46830
1196,2026-01-20,728,Noise Cameras 728,4,85602,342408
1142,2026-01-20,602,HP Smart Watches 602,2,25165,50330
1001,2026-01-20,101,Noise Mobiles 101,3,24592,73776
1024,2026-01-20,124,Nikon Mobiles 124,3,79514,238542
1118,2026-01-20,506,Sony Headphones 506,2,14473,28946
1040,2026-01-20,212,Dell Tablets 212,3,41282,123846
1002,2026-01-20,102,Apple Mobiles 102,3,21395,64185
1080,2026-01-20,324,Boat Laptops 324,3,119516,358548
1116,2026-01-21,504,HP Headphones 504,1,14931,14931
1132,2026-01-21,520,Nikon Headphones 520,2,3073,6146
1149,2026-01-21,609,Boat Smart Watches 609,2,3318,6636
1195,2026-01-22,727,Samsung Cameras 727,4,134369,537476
1055,2026-01-22,227,Xiaomi Tablets 227,3,32332,96996
1086,2026-01-22,402,Sony Accessories 402,3,2198,6594
1060,2026-01-23,304,Sony Laptops 304,2,113519,227038
1030,2026-01-23,202,Nikon Tablets 202,5,30080,150400
1061,2026-01-23,305,Samsung Laptops 305,3,149392,448176
1073,2026-01-23,317,Dell Laptops 317,2,73386,146772
1121,2026-01-23,509,HP Headphones 509,1,8385,8385
1177,2026-01-23,709,HP Cameras 709,3,173287,519861
1010,2026-01-23,110,HP Mobiles 110,3,69429,208287
1036,2026-01-24,208,Apple Tablets 208,5,31295,156475
1038,2026-01-24,210,Nikon Tablets 210,1,21416,21416
1048,2026-01-24,220,Nikon Tablets 220,2,35733,71466
1157,2026-01-24,617,Samsung Smart Watches 617,4,22644,90576
1137,2026-01-24,525,Apple Headphones 525,3,5066,15198
1058,2026-01-24,302,Noise Laptops 302,3,95518,286554
1009,2026-01-25,109,Noise Mobiles 109,1,39871,39871
1175,2026-01-25,707,Xiaomi Cameras 707,2,50701,101402
1047,2026-01-25,219,Samsung Tablets 219,4,55591,222364
1160,2026-01-25,620,Canon Smart Watches 620,4,17473,69892
1112,2026-01-26,428,Noise Accessories 428,3,1137,3411
1094,2026-01-26,410,Lenovo Accessories 410,1,2819,2819
1179,2026-01-26,711,Canon Cameras 711,2,57958,115916
1046,2026-01-26,218,Dell Tablets 218,2,41461,82922
1188,2026-01-26,720,Noise Cameras 720,4,127379,509516
1011,2026-01-26,111,Dell Mobiles 111,4,44993,179972
1166,2026-01-26,626,Samsung Smart Watches 626,4,12426,49704
1035,2026-01-27,207,Samsung Tablets 207,5,59129,295645
1178,2026-01-27,710,Noise Cameras 710,5,141230,706150
1127,2026-01-27,515,Noise Headphones 515,4,10528,42112
1049,2026-01-27,221,Dell Tablets 221,4,32407,129628
1056,2026-01-27,228,HP Tablets 228,1,33465,33465
1114,2026-01-27,502,HP Headphones 502,1,2771,2771
1159,2026-01-27,619,Noise Smart Watches 619,2,29267,58534
1004,2026-01-27,104,Noise Mobiles 104,5,64987,324935
1065,2026-01-27,309,Xiaomi Laptops 309,4,136542,546168
1079,2026-01-28,323,Nikon Laptops 323,3,149278,447834
1161,2026-01-28,621,Dell Smart Watches 621,2,21640,43280
1084,2026-01-28,328,Samsung Laptops 328,3,72092,216276
1090,2026-01-28,406,Boat Accessories 406,2,4335,8670
1067,2026-01-28,311,Dell Laptops 311,5,66158,330790
1164,2026-01-28,624,Lenovo Smart Watches 624,5,12893,64465
1019,2026-01-28,119,Xiaomi Mobiles 119,4,65333,261332
1006,2026-01-29,106,Apple Mobiles 106,2,22156,44312
1125,2026-01-29,513,Nikon Headphones 513,2,13421,26842
1173,2026-01-29,705,Samsung Cameras 705,1,115032,115032
1129,2026-01-29,517,Dell Headphones 517,1,2976,2976
1031,2026-01-29,203,Samsung Tablets 203,5,30003,150015
1156,2026-01-29,616,HP Smart Watches 616,2,19996,39992
1182,2026-01-30,714,Noise Cameras 714,1,65855,65855
1026,2026-01-30,126,Apple Mobiles 126,5,73699,368495
1097,2026-01-30,413,Nikon Accessories 413,4,4016,16064
1018,2026-01-30,118,Nikon Mobiles 118,2,74686,149372
1134,2026-01-30,522,Canon Headphones 522,1,8843,8843
1113,2026-01-30,501,HP Headphones 501,2,13564,27128
1105,2026-01-31,421,Noise Accessories 421,5,3711,18555
1154,2026-01-31,614,Noise Smart Watches 614,3,19779,59337
1069,2026-01-31,313,Apple Laptops 313,1,141361,141361
1101,2026-01-31,417,Dell Accessories 417,1,2435,2435
1189,2026-01-31,721,Boat Cameras 721,1,88030,88030
1034,2026-01-31,206,Apple Tablets 206,4,21352,85408
1108,2026-01-31,424,Sony Accessories 424,1,2266,2266
1109,2026-01-31,425,Nikon Accessories 425,2,626,1252
1115,2026-01-31,503,Sony Headphones 503,3,12714,38142
1241,2026-02-01,217,Nikon Tablets 217,3,20250,60750
1344,2026-02-01,608,Samsung Smart Watches 608,5,4992,24960
1264,2026-02-01,312,Dell Laptops 312,3,43101,129303
1201,2026-02-01,105,Xiaomi Mobiles 105,4,65392,261568
1262,2026-02-01,310,Xiaomi Laptops 310,3,143202,429606
1244,2026-02-01,220,Nikon Tablets 220,4,35733,142932
1356,2026-02-01,620,Canon Smart Watches 620,4,17473,69892
1378,2026-02-02,714,Noise Cameras 714,4,65855,263420
1252,2026-02-02,228,HP Tablets 228,3,33465,100395
1205,2026-02-02,109,Noise Mobiles 109,2,39871,79742
1360,2026-02-02,624,Lenovo Smart Watches 624,1,12893,12893
1385,2026-02-02,721,Boat Cameras 721,1,88030,88030
1258,2026-02-02,306,Xiaomi Laptops 306,5,45482,227410
1361,2026-02-02,625,Dell Smart Watches 625,3,24855,74565
1290,2026-02-02,410,Lenovo Accessories 410,4,2819,11276
1261,2026-02-02,309,Xiaomi Laptops 309,2,136542,273084
1368,2026-02-02,704,Apple Cameras 704,2,196133,392266
1277,2026-02-03,325,Noise Laptops 325,2,68010,136020
1240,2026-02-03,216,Samsung Tablets 216,5,53284,266420
1256,2026-02-03,304,Sony Laptops 304,5,113519,567595
1382,2026-02-04,718,Xiaomi Cameras 718,2,89143,178286
1246,2026-02-04,222,Canon Tablets 222,2,35720,71440
1315,2026-02-04,507,Xiaomi Headphones 507,3,8135,24405
1285,2026-02-04,405,Canon Accessories 405,3,4551,13653
1298,2026-02-04,418,Sony Accessories 418,1,2953,2953
1199,2026-02-04,103,Dell Mobiles 103,2,40495,80990
1324,2026-02-04,516,Nikon Headphones 516,1,6419,6419
1278,2026-02-05,326,Apple Laptops 326,4,77196,308784
1226,2026-02-05,202,Nikon Tablets 202,2,30080,60160
1197,2026-02-06,101,Noise Mobiles 101,1,24592,24592
1331,2026-02-06,523,Canon Headphones 523,4,2869,11476
1388,2026-02-06,724,Noise Cameras 724,1,171608,171608
1221,2026-02-06,125,Lenovo Mobiles 125,4,50306,201224
1208,2026-02-06,112,Nikon Mobiles 112,1,42087,42087
1247,2026-02-07,223,Apple Tablets 223,1,19801,19801
1374,2026-02-07,710,Noise Cameras 710,2,141230,282460
1377,2026-02-07,713,HP Cameras 713,4,90324,361296
1340,2026-02-07,604,Nikon Smart Watches 604,3,9366,28098
1251,2026-02-08,227,Xiaomi Tablets 227,4,32332,129328
1301,2026-02-08,421,Noise Accessories 421,2,3711,7422
1326,2026-02-08,518,Dell Headphones 518,2,4545,9090
1352,2026-02-08,616,HP Smart Watches 616,5,19996,99980
1353,2026-02-08,617,Samsung Smart Watches 617,1,22644,22644
1392,2026-02-08,728,Noise Cameras 728,2,85602,171204
1366,2026-02-09,702,Noise Cameras 702,5,51054,255270
1209,2026-02-09,113,Nikon Mobiles 113,3,38785,116355
1383,2026-02-09,719,HP Cameras 719,3,170659,511977
1219,2026-02-09,123,Apple Mobiles 123,1,49117,49117
1359,2026-02-09,623,Boat Smart Watches 623,3,21002,63006
1379,2026-02-09,715,Boat Cameras 715,4,125646,502584
1265,2026-02-09,313,Apple Laptops 313,3,141361,424083
1308,2026-02-09,428,Noise Accessories 428,5,1137,5685
1268,2026-02-09,316,Lenovo Laptops 316,1,97199,97199
1269,2026-02-09,317,Dell Laptops 317,4,73386,293544
1370,2026-02-09,706,Xiaomi Cameras 706,2,94014,188028
1296,2026-02-09,416,Sony Accessories 416,3,3632,10896
1294,2026-02-09,414,Sony Accessories 414,5,3390,16950
1364,2026-02-09,628,Canon Smart Watches 628,2,5267,10534
1310,2026-02-09,502,HP Headphones 502,4,2771,11084
1329,2026-02-10,521,Noise Headphones 521,2,13333,26666
1289,2026-02-10,409,Canon Accessories 409,3,834,2502
1210,2026-02-10,114,Lenovo Mobiles 114,3,62581,187743
1371,2026-02-11,707,Xiaomi Cameras 707,4,50701,202804
1282,2026-02-11,402,Sony Accessories 402,5,2198,10990
1238,2026-02-11,214,Nikon Tablets 214,4,58376,233504
1222,2026-02-11,126,Apple Mobiles 126,4,73699,294796
1325,2026-02-11,517,Dell Headphones 517,3,2976,8928
1314,2026-02-11,506,Sony Headphones 506,5,14473,72365
1236,2026-02-12,212,Dell Tablets 212,5,41282,206410
1350,2026-02-12,614,Noise Smart Watches 614,3,19779,59337
1387,2026-02-12,723,Apple Cameras 723,1,91551,91551
1292,2026-02-12,412,Dell Accessories 412,3,726,2178
1293,2026-02-12,413,Nikon Accessories 413,2,4016,8032
1237,2026-02-12,213,HP Tablets 213,1,66384,66384
1345,2026-02-12,609,Boat Smart Watches 609,3,3318,9954
1212,2026-02-12,116,Xiaomi Mobiles 116,5,44718,223590
1341,2026-02-12,605,Samsung Smart Watches 605,2,7436,14872
1249,2026-02-12,225,Nikon Tablets 225,5,61107,305535
1306,2026-02-12,426,Apple Accessories 426,3,529,1587
1357,2026-02-12,621,Dell Smart Watches 621,4,21640,86560
1309,2026-02-13,501,HP Headphones 501,1,13564,13564
1234,2026-02-13,210,Nikon Tablets 210,3,21416,64248
1389,2026-02-13,725,Boat Cameras 725,2,136985,273970
1343,2026-02-14,607,Canon Smart Watches 607,2,4635,9270
1346,2026-02-14,610,Xiaomi Smart Watches 610,3,21180,63540
1334,2026-02-14,526,Canon Headphones 526,1,8253,8253
1288,2026-02-14,408,HP Accessories 408,1,4470,4470
1239,2026-02-14,215,Samsung Tablets 215,1,52957,52957
1373,2026-02-14,709,HP Cameras 709,3,173287,519861
1233,2026-02-14,209,Sony Tablets 209,2,27025,54050
1376,2026-02-14,712,HP Cameras 712,1,35751,35751
1273,2026-02-14,321,Sony Laptops 321,4,131384,525536
1214,2026-02-15,118,Nikon Mobiles 118,5,74686,373430
1362,2026-02-15,626,Samsung Smart Watches 626,5,12426,62130
1305,2026-02-15,425,Nikon Accessories 425,1,626,626
1303,2026-02-15,423,Canon Accessories 423,4,2877,11508
1302,2026-02-15,422,Samsung Accessories 422,5,2331,11655
1380,2026-02-15,716,Xiaomi Cameras 716,2,82637,165274
1299,2026-02-15,419,Xiaomi Accessories 419,2,4028,8056
1230,2026-02-15,206,Apple Tablets 206,5,21352,106760
1297,2026-02-16,417,Dell Accessories 417,3,2435,7305
1255,2026-02-16,303,Xiaomi Laptops 303,5,123507,617535
1367,2026-02-16,703,Boat Cameras 703,2,47936,95872
1274,2026-02-16,322,Noise Laptops 322,1,89695,89695
1229,2026-02-16,205,Boat Tablets 205,2,52762,105524
1365,2026-02-16,701,Noise Cameras 701,5,70464,352320
1243,2026-02-16,219,Samsung Tablets 219,2,55591,111182
1348,2026-02-16,612,Sony Smart Watches 612,1,24730,24730
1349,2026-02-17,613,Apple Smart Watches 613,4,12306,49224
1280,2026-02-17,328,Samsung Laptops 328,5,72092,360460
1216,2026-02-17,120,Canon Mobiles 120,4,79352,317408
1276,2026-02-17,324,Boat Laptops 324,5,119516,597580
1311,2026-02-17,503,Sony Headphones 503,3,12714,38142
1330,2026-02-18,522,Canon Headphones 522,1,8843,8843
1375,2026-02-18,711,Canon Cameras 711,1,57958,57958
1286,2026-02-18,406,Boat Accessories 406,2,4335,8670
1267,2026-02-18,315,HP Laptops 315,1,45014,45014
1250,2026-02-19,226,Noise Tablets 226,2,68549,137098
1204,2026-02-19,108,HP Mobiles 108,5,57400,287000
1363,2026-02-19,627,Canon Smart Watches 627,4,3213,12852
1272,2026-02-19,320,Apple Laptops 320,3,134339,403017
1300,2026-02-19,420,Boat Accessories 420,4,4823,19292
1372,2026-02-19,708,Canon Cameras 708,4,197222,788888
1307,2026-02-19,427,Samsung Accessories 427,1,1448,1448
1235,2026-02-20,211,Apple Tablets 211,1,64385,64385
1342,2026-02-20,606,Apple Smart Watches 606,2,17358,34716
1355,2026-02-20,619,Noise Smart Watches 619,5,29267,146335
1248,2026-02-20,224,Lenovo Tablets 224,4,19508,78032
1391,2026-02-20,727,Samsung Cameras 727,1,134369,134369
1304,2026-02-20,424,Sony Accessories 424,3,2266,6798
1317,2026-02-21,509,HP Headphones 509,3,8385,25155
1279,2026-02-21,327,Dell Laptops 327,3,128184,384552
1386,2026-02-21,722,Apple Cameras 722,5,66641,333205
1242,2026-02-21,218,Dell Tablets 218,3,41461,124383
1291,2026-02-21,411,Xiaomi Accessories 411,4,2094,8376
1338,2026-02-21,602,HP Smart Watches 602,5,25165,125825
1211,2026-02-21,115,Lenovo Mobiles 115,2,37869,75738
1254,2026-02-21,302,Noise Laptops 302,4,95518,382072
1203,2026-02-21,107,HP Mobiles 107,3,15695,47085
1320,2026-02-21,512,Nikon Headphones 512,4,4130,16520
1224,2026-02-21,128,Dell Mobiles 128,5,50857,254285
1321,2026-02-21,513,Nikon Headphones 513,3,13421,40263
1316,2026-02-22,508,Sony Headphones 508,4,14528,58112
1257,2026-02-22,305,Samsung Laptops 305,3,149392,448176
1354,2026-02-22,618,Nikon Smart Watches 618,2,15369,30738
1381,2026-02-22,717,HP Cameras 717,1,156313,156313
1259,2026-02-22,307,Noise Laptops 307,2,72706,145412
1218,2026-02-22,122,Xiaomi Mobiles 122,1,69470,69470
1322,2026-02-22,514,Samsung Headphones 514,5,2524,12620
1347,2026-02-23,611,Lenovo Smart Watches 611,1,15380,15380
1323,2026-02-23,515,Noise Headphones 515,2,10528,21056
1198,2026-02-23,102,Apple Mobiles 102,5,21395,106975
1339,2026-02-23,603,HP Smart Watches 603,1,27815,27815
1358,2026-02-23,622,Sony Smart Watches 622,1,13137,13137
1333,2026-02-23,525,Apple Headphones 525,3,5066,15198
1318,2026-02-23,510,Samsung Headphones 510,2,9098,18196
1287,2026-02-24,407,Canon Accessories 407,4,3886,15544
1202,2026-02-24,106,Apple Mobiles 106,2,22156,44312
1215,2026-02-24,119,Xiaomi Mobiles 119,4,65333,261332
1225,2026-02-24,201,Apple Tablets 201,4,31246,124984
1327,2026-02-24,519,Dell Headphones 519,4,5853,23412
1245,2026-02-24,221,Dell Tablets 221,5,32407,162035
1260,2026-02-24,308,Xiaomi Laptops 308,4,71029,284116
1271,2026-02-24,319,Sony Laptops 319,1,49171,49171
1295,2026-02-24,415,Sony Accessories 415,1,4107,4107
1283,2026-02-24,403,Sony Accessories 403,1,1992,1992
1337,2026-02-25,601,Canon Smart Watches 601,4,24589,98356
1206,2026-02-25,110,HP Mobiles 110,1,69429,69429
1369,2026-02-25,705,Samsung Cameras 705,2,115032,230064
1207,2026-02-25,111,Dell Mobiles 111,4,44993,179972
1336,2026-02-25,528,Dell Headphones 528,2,3847,7694
1319,2026-02-25,511,Lenovo Headphones 511,1,14071,14071
1328,2026-02-25,520,Nikon Headphones 520,3,3073,9219
1275,2026-02-26,323,Nikon Laptops 323,3,149278,447834
1332,2026-02-26,524,Boat Headphones 524,3,11312,33936
1312,2026-02-26,504,HP Headphones 504,4,14931,59724
1270,2026-02-26,318,Nikon Laptops 318,1,130027,130027
1217,2026-02-26,121,Noise Mobiles 121,1,44973,44973
1384,2026-02-26,720,Noise Cameras 720,4,127379,509516
1231,2026-02-26,207,Samsung Tablets 207,5,59129,295645
1228,2026-02-26,204,Dell Tablets 204,5,33250,166250
1227,2026-02-26,203,Samsung Tablets 203,5,30003,150015
1220,2026-02-27,124,Nikon Mobiles 124,4,79514,318056
1223,2026-02-27,127,Nikon Mobiles 127,5,31643,158215
1232,2026-02-27,208,Apple Tablets 208,2,31295,62590
1253,2026-02-27,301,Noise Laptops 301,5,74600,373000
1200,2026-02-27,104,Noise Mobiles 104,5,64987,324935
1284,2026-02-27,404,Nikon Accessories 404,5,2241,11205
1266,2026-02-27,314,Nikon Laptops 314,1,83404,83404
1390,2026-02-27,726,Canon Cameras 726,2,146574,293148
1335,2026-02-27,527,Dell Headphones 527,1,11248,11248
1351,2026-02-28,615,Boat Smart Watches 615,2,26787,53574
1281,2026-02-28,401,Noise Accessories 401,5,4915,24575
1213,2026-02-28,117,HP Mobiles 117,5,66155,330775
1313,2026-02-28,505,Nikon Headphones 505,1,8018,8018
1263,2026-02-28,311,Dell Laptops 311,3,66158,198474
1525,2026-03-01,521,Noise Headphones 521,2,13333,26666
1447,2026-03-01,227,Xiaomi Tablets 227,3,32332,96996
1420,2026-03-01,128,Dell Mobiles 128,2,50857,101714
1412,2026-03-01,120,Canon Mobiles 120,2,79352,158704
1488,2026-03-01,412,Dell Accessories 412,3,726,2178
1555,2026-03-01,623,Boat Smart Watches 623,3,21002,63006
1517,2026-03-02,513,Nikon Headphones 513,2,13421,26842
1438,2026-03-02,218,Dell Tablets 218,3,41461,124383
1423,2026-03-02,203,Samsung Tablets 203,2,30003,60006
1398,2026-03-02,106,Apple Mobiles 106,2,22156,44312
1569,2026-03-02,709,HP Cameras 709,3,173287,519861
1394,2026-03-03,102,Apple Mobiles 102,2,21395,42790
1571,2026-03-03,711,Canon Cameras 711,2,57958,115916
1495,2026-03-03,419,Xiaomi Accessories 419,2,4028,8056
1432,2026-03-03,212,Dell Tablets 212,2,41282,82564
1563,2026-03-03,703,Boat Cameras 703,5,47936,239680
1568,2026-03-03,708,Canon Cameras 708,3,197222,591666
1560,2026-03-03,628,Canon Smart Watches 628,5,5267,26335
1419,2026-03-04,127,Nikon Mobiles 127,4,31643,126572
1455,2026-03-04,307,Noise Laptops 307,2,72706,145412
1564,2026-03-04,704,Apple Cameras 704,4,196133,784532
1486,2026-03-04,410,Lenovo Accessories 410,1,2819,2819
1492,2026-03-04,416,Sony Accessories 416,5,3632,18160
1407,2026-03-04,115,Lenovo Mobiles 115,1,37869,37869
1579,2026-03-04,719,HP Cameras 719,1,170659,170659
1477,2026-03-04,401,Noise Accessories 401,4,4915,19660
1453,2026-03-05,305,Samsung Laptops 305,5,149392,746960
1428,2026-03-05,208,Apple Tablets 208,5,31295,156475
1516,2026-03-05,512,Nikon Headphones 512,5,4130,20650
1520,2026-03-05,516,Nikon Headphones 516,1,6419,6419
1574,2026-03-05,714,Noise Cameras 714,5,65855,329275
1402,2026-03-05,110,HP Mobiles 110,1,69429,69429
1534,2026-03-06,602,HP Smart Watches 602,3,25165,75495
1404,2026-03-06,112,Nikon Mobiles 112,2,42087,84174
1437,2026-03-06,217,Nikon Tablets 217,5,20250,101250
1542,2026-03-06,610,Xiaomi Smart Watches 610,1,21180,21180
1469,2026-03-06,321,Sony Laptops 321,1,131384,131384
1467,2026-03-06,319,Sony Laptops 319,4,49171,196684
1399,2026-03-07,107,HP Mobiles 107,2,15695,31390
1576,2026-03-07,716,Xiaomi Cameras 716,5,82637,413185
1584,2026-03-07,724,Noise Cameras 724,2,171608,343216
1431,2026-03-07,211,Apple Tablets 211,4,64385,257540
1395,2026-03-07,103,Dell Mobiles 103,4,40495,161980
1537,2026-03-07,605,Samsung Smart Watches 605,3,7436,22308
1473,2026-03-07,325,Noise Laptops 325,4,68010,272040
1461,2026-03-08,313,Apple Laptops 313,4,141361,565444
1549,2026-03-08,617,Samsung Smart Watches 617,3,22644,67932
1443,2026-03-08,223,Apple Tablets 223,5,19801,99005
1548,2026-03-08,616,HP Smart Watches 616,4,19996,79984
1421,2026-03-08,201,Apple Tablets 201,3,31246,93738
1493,2026-03-08,417,Dell Accessories 417,3,2435,7305
1481,2026-03-09,405,Canon Accessories 405,3,4551,13653
1435,2026-03-09,215,Samsung Tablets 215,2,52957,105914
1401,2026-03-09,109,Noise Mobiles 109,2,39871,79742
1470,2026-03-10,322,Noise Laptops 322,1,89695,89695
1544,2026-03-10,612,Sony Smart Watches 612,1,24730,24730
1413,2026-03-10,121,Noise Mobiles 121,3,44973,134919
1491,2026-03-10,415,Sony Accessories 415,2,4107,8214
1474,2026-03-10,326,Apple Laptops 326,1,77196,77196
1464,2026-03-10,316,Lenovo Laptops 316,5,97199,485995
1529,2026-03-11,525,Apple Headphones 525,2,5066,10132
1538,2026-03-11,606,Apple Smart Watches 606,4,17358,69432
1400,2026-03-11,108,HP Mobiles 108,1,57400,57400
1450,2026-03-11,302,Noise Laptops 302,2,95518,191036
1570,2026-03-11,710,Noise Cameras 710,4,141230,564920
1545,2026-03-12,613,Apple Smart Watches 613,4,12306,49224
1436,2026-03-12,216,Samsung Tablets 216,3,53284,159852
1463,2026-03-12,315,HP Laptops 315,2,45014,90028
1585,2026-03-12,725,Boat Cameras 725,1,136985,136985
1405,2026-03-12,113,Nikon Mobiles 113,5,38785,193925
1514,2026-03-12,510,Samsung Headphones 510,3,9098,27294
1452,2026-03-12,304,Sony Laptops 304,5,113519,567595
1552,2026-03-13,620,Canon Smart Watches 620,5,17473,87365
1466,2026-03-13,318,Nikon Laptops 318,1,130027,130027
1554,2026-03-13,622,Sony Smart Watches 622,1,13137,13137
1485,2026-03-13,409,Canon Accessories 409,1,834,834
1566,2026-03-14,706,Xiaomi Cameras 706,2,94014,188028
1513,2026-03-14,509,HP Headphones 509,4,8385,33540
1433,2026-03-14,213,HP Tablets 213,5,66384,331920
1546,2026-03-14,614,Noise Smart Watches 614,1,19779,19779
1582,2026-03-15,722,Apple Cameras 722,4,66641,266564
1410,2026-03-15,118,Nikon Mobiles 118,4,74686,298744
1406,2026-03-15,114,Lenovo Mobiles 114,3,62581,187743
1577,2026-03-15,717,HP Cameras 717,2,156313,312626
1533,2026-03-15,601,Canon Smart Watches 601,2,24589,49178
1512,2026-03-15,508,Sony Headphones 508,5,14528,72640
1441,2026-03-15,221,Dell Tablets 221,4,32407,129628
1457,2026-03-16,309,Xiaomi Laptops 309,2,136542,273084
1403,2026-03-16,111,Dell Mobiles 111,1,44993,44993
1519,2026-03-16,515,Noise Headphones 515,4,10528,42112
1524,2026-03-16,520,Nikon Headphones 520,1,3073,3073
1535,2026-03-16,603,HP Smart Watches 603,3,27815,83445
1551,2026-03-17,619,Noise Smart Watches 619,1,29267,29267
1471,2026-03-17,323,Nikon Laptops 323,2,149278,298556
1459,2026-03-18,311,Dell Laptops 311,4,66158,264632
1497,2026-03-18,421,Noise Accessories 421,4,3711,14844
1476,2026-03-18,328,Samsung Laptops 328,4,72092,288368
1393,2026-03-18,101,Noise Mobiles 101,1,24592,24592
1472,2026-03-18,324,Boat Laptops 324,4,119516,478064
1482,2026-03-18,406,Boat Accessories 406,1,4335,4335
1507,2026-03-19,503,Sony Headphones 503,2,12714,25428
1487,2026-03-19,411,Xiaomi Accessories 411,2,2094,4188
1504,2026-03-19,428,Noise Accessories 428,3,1137,3411
1532,2026-03-19,528,Dell Headphones 528,5,3847,19235
1446,2026-03-19,226,Noise Tablets 226,1,68549,68549
1496,2026-03-19,420,Boat Accessories 420,5,4823,24115
1587,2026-03-20,727,Samsung Cameras 727,4,134369,537476
1540,2026-03-20,608,Samsung Smart Watches 608,1,4992,4992
1580,2026-03-20,720,Noise Cameras 720,5,127379,636895
1490,2026-03-20,414,Sony Accessories 414,2,3390,6780
1417,2026-03-20,125,Lenovo Mobiles 125,1,50306,50306
1573,2026-03-20,713,HP Cameras 713,3,90324,270972
1396,2026-03-21,104,Noise Mobiles 104,1,64987,64987
1503,2026-03-21,427,Samsung Accessories 427,2,1448,2896
1465,2026-03-21,317,Dell Laptops 317,4,73386,293544
1475,2026-03-21,327,Dell Laptops 327,2,128184,256368
1522,2026-03-22,518,Dell Headphones 518,2,4545,9090
1559,2026-03-22,627,Canon Smart Watches 627,4,3213,12852
1557,2026-03-22,625,Dell Smart Watches 625,2,24855,49710
1521,2026-03-22,517,Dell Headphones 517,3,2976,8928
1424,2026-03-22,204,Dell Tablets 204,3,33250,99750
1456,2026-03-22,308,Xiaomi Laptops 308,3,71029,213087
1451,2026-03-22,303,Xiaomi Laptops 303,5,123507,617535
1409,2026-03-22,117,HP Mobiles 117,4,66155,264620
1499,2026-03-22,423,Canon Accessories 423,2,2877,5754
1518,2026-03-23,514,Samsung Headphones 514,2,2524,5048
1414,2026-03-23,122,Xiaomi Mobiles 122,1,69470,69470
1550,2026-03-23,618,Nikon Smart Watches 618,2,15369,30738
1558,2026-03-23,626,Samsung Smart Watches 626,1,12426,12426
1511,2026-03-23,507,Xiaomi Headphones 507,3,8135,24405
1562,2026-03-23,702,Noise Cameras 702,2,51054,102108
1397,2026-03-23,105,Xiaomi Mobiles 105,3,65392,196176
1561,2026-03-23,701,Noise Cameras 701,5,70464,352320
1418,2026-03-23,126,Apple Mobiles 126,3,73699,221097
1567,2026-03-24,707,Xiaomi Cameras 707,1,50701,50701
1427,2026-03-24,207,Samsung Tablets 207,3,59129,177387
1434,2026-03-24,214,Nikon Tablets 214,1,58376,58376
1502,2026-03-24,426,Apple Accessories 426,5,529,2645
1444,2026-03-24,224,Lenovo Tablets 224,4,19508,78032
1531,2026-03-24,527,Dell Headphones 527,1,11248,11248
1484,2026-03-24,408,HP Accessories 408,3,4470,13410
1426,2026-03-24,206,Apple Tablets 206,4,21352,85408
1508,2026-03-24,504,HP Headphones 504,1,14931,14931
1541,2026-03-24,609,Boat Smart Watches 609,2,3318,6636
1572,2026-03-25,712,HP Cameras 712,3,35751,107253
1510,2026-03-25,506,Sony Headphones 506,3,14473,43419
1408,2026-03-25,116,Xiaomi Mobiles 116,4,44718,178872
1581,2026-03-25,721,Boat Cameras 721,4,88030,352120
1462,2026-03-26,314,Nikon Laptops 314,2,83404,166808
1505,2026-03-26,501,HP Headphones 501,3,13564,40692
1501,2026-03-26,425,Nikon Accessories 425,1,626,626
1429,2026-03-26,209,Sony Tablets 209,5,27025,135125
1565,2026-03-26,705,Samsung Cameras 705,3,115032,345096
1527,2026-03-26,523,Canon Headphones 523,1,2869,2869
1445,2026-03-26,225,Nikon Tablets 225,5,61107,305535
1425,2026-03-27,205,Boat Tablets 205,1,52762,52762
1526,2026-03-27,522,Canon Headphones 522,1,8843,8843
1449,2026-03-27,301,Noise Laptops 301,4,74600,298400
1454,2026-03-27,306,Xiaomi Laptops 306,4,45482,181928
1411,2026-03-27,119,Xiaomi Mobiles 119,5,65333,326665
1543,2026-03-27,611,Lenovo Smart Watches 611,4,15380,61520
1483,2026-03-27,407,Canon Accessories 407,5,3886,19430
1575,2026-03-27,715,Boat Cameras 715,4,125646,502584
1416,2026-03-28,124,Nikon Mobiles 124,5,79514,397570
1506,2026-03-28,502,HP Headphones 502,5,2771,13855
1583,2026-03-28,723,Apple Cameras 723,5,91551,457755
1458,2026-03-28,310,Xiaomi Laptops 310,4,143202,572808
1586,2026-03-28,726,Canon Cameras 726,5,146574,732870
1498,2026-03-28,422,Samsung Accessories 422,3,2331,6993
1478,2026-03-28,402,Sony Accessories 402,4,2198,8792
1578,2026-03-28,718,Xiaomi Cameras 718,1,89143,89143
1442,2026-03-28,222,Canon Tablets 222,3,35720,107160
1515,2026-03-28,511,Lenovo Headphones 511,1,14071,14071
1489,2026-03-29,413,Nikon Accessories 413,5,4016,20080
1440,2026-03-29,220,Nikon Tablets 220,4,35733,142932
1536,2026-03-29,604,Nikon Smart Watches 604,2,9366,18732
1523,2026-03-29,519,Dell Headphones 519,2,5853,11706
1468,2026-03-29,320,Apple Laptops 320,5,134339,671695
1530,2026-03-29,526,Canon Headphones 526,2,8253,16506
1553,2026-03-29,621,Dell Smart Watches 621,4,21640,86560
1415,2026-03-29,123,Apple Mobiles 123,4,49117,196468
1556,2026-03-29,624,Lenovo Smart Watches 624,1,12893,12893
1588,2026-03-30,728,Noise Cameras 728,4,85602,342408
1539,2026-03-30,607,Canon Smart Watches 607,4,4635,18540
1509,2026-03-30,505,Nikon Headphones 505,4,8018,32072
1422,2026-03-30,202,Nikon Tablets 202,4,30080,120320
1480,2026-03-30,404,Nikon Accessories 404,3,2241,6723
1547,2026-03-31,615,Boat Smart Watches 615,5,26787,133935
1439,2026-03-31,219,Samsung Tablets 219,4,55591,222364
1448,2026-03-31,228,HP Tablets 228,1,33465,33465
1430,2026-03-31,210,Nikon Tablets 210,3,21416,64248
1479,2026-03-31,403,Sony Accessories 403,3,1992,5976
1494,2026-03-31,418,Sony Accessories 418,5,2953,14765
1500,2026-03-31,424,Sony Accessories 424,4,2266,9064
1528,2026-03-31,524,Boat Headphones 524,3,11312,33936
1460,2026-03-31,312,Dell Laptops 312,2,43101,86202
1774,2026-04-01,718,Xiaomi Cameras 718,3,89143,267429
1633,2026-04-01,217,Nikon Tablets 217,4,20250,81000
1624,2026-04-01,208,Apple Tablets 208,2,31295,62590
1745,2026-04-01,617,Samsung Smart Watches 617,5,22644,113220
1670,2026-04-01,326,Apple Laptops 326,5,77196,385980
1676,2026-04-02,404,Nikon Accessories 404,2,2241,4482
1631,2026-04-02,215,Samsung Tablets 215,3,52957,158871
1675,2026-04-02,403,Sony Accessories 403,2,1992,3984
1685,2026-04-02,413,Nikon Accessories 413,3,4016,12048
1621,2026-04-02,205,Boat Tablets 205,5,52762,263810
1710,2026-04-02,510,Samsung Headphones 510,1,9098,9098
1732,2026-04-02,604,Nikon Smart Watches 604,5,9366,46830
1782,2026-04-02,726,Canon Cameras 726,3,146574,439722
1703,2026-04-02,503,Sony Headphones 503,1,12714,12714
1694,2026-04-03,422,Samsung Accessories 422,2,2331,4662
1713,2026-04-03,513,Nikon Headphones 513,5,13421,67105
1729,2026-04-03,601,Canon Smart Watches 601,2,24589,49178
1664,2026-04-03,320,Apple Laptops 320,2,134339,268678
1749,2026-04-03,621,Dell Smart Watches 621,3,21640,64920
1746,2026-04-03,618,Nikon Smart Watches 618,1,15369,15369
1683,2026-04-03,411,Xiaomi Accessories 411,3,2094,6282
1589,2026-04-03,101,Noise Mobiles 101,5,24592,122960
1597,2026-04-03,109,Noise Mobiles 109,2,39871,79742
1755,2026-04-04,627,Canon Smart Watches 627,3,3213,9639
1753,2026-04-04,625,Dell Smart Watches 625,3,24855,74565
1758,2026-04-04,702,Noise Cameras 702,2,51054,102108
1634,2026-04-04,218,Dell Tablets 218,4,41461,165844
1658,2026-04-04,314,Nikon Laptops 314,1,83404,83404
1741,2026-04-04,613,Apple Smart Watches 613,2,12306,24612
1763,2026-04-04,707,Xiaomi Cameras 707,2,50701,101402
1644,2026-04-04,228,HP Tablets 228,5,33465,167325
1687,2026-04-04,415,Sony Accessories 415,1,4107,4107
1630,2026-04-05,214,Nikon Tablets 214,5,58376,291880
1725,2026-04-05,525,Apple Headphones 525,3,5066,15198
1671,2026-04-05,327,Dell Laptops 327,1,128184,128184
1772,2026-04-05,716,Xiaomi Cameras 716,1,82637,82637
1695,2026-04-05,423,Canon Accessories 423,3,2877,8631
1617,2026-04-05,201,Apple Tablets 201,5,31246,156230
1652,2026-04-06,308,Xiaomi Laptops 308,3,71029,213087
1605,2026-04-06,117,HP Mobiles 117,2,66155,132310
1686,2026-04-06,414,Sony Accessories 414,1,3390,3390
1593,2026-04-06,105,Xiaomi Mobiles 105,3,65392,196176
1739,2026-04-06,611,Lenovo Smart Watches 611,2,15380,30760
1668,2026-04-06,324,Boat Laptops 324,1,119516,119516
1776,2026-04-06,720,Noise Cameras 720,5,127379,636895
1688,2026-04-07,416,Sony Accessories 416,5,3632,18160
1666,2026-04-07,322,Noise Laptops 322,5,89695,448475
1743,2026-04-07,615,Boat Smart Watches 615,3,26787,80361
1709,2026-04-07,509,HP Headphones 509,2,8385,16770
1750,2026-04-07,622,Sony Smart Watches 622,4,13137,52548
1697,2026-04-07,425,Nikon Accessories 425,1,626,626
1691,2026-04-07,419,Xiaomi Accessories 419,2,4028,8056
1599,2026-04-07,111,Dell Mobiles 111,1,44993,44993
1700,2026-04-07,428,Noise Accessories 428,2,1137,2274
1781,2026-04-07,725,Boat Cameras 725,5,136985,684925
1637,2026-04-07,221,Dell Tablets 221,4,32407,129628
1712,2026-04-08,512,Nikon Headphones 512,2,4130,8260
1602,2026-04-08,114,Lenovo Mobiles 114,1,62581,62581
1708,2026-04-08,508,Sony Headphones 508,1,14528,14528
1649,2026-04-08,305,Samsung Laptops 305,3,149392,448176
1740,2026-04-08,612,Sony Smart Watches 612,5,24730,123650
1616,2026-04-08,128,Dell Mobiles 128,5,50857,254285
1723,2026-04-09,523,Canon Headphones 523,4,2869,11476
1678,2026-04-09,406,Boat Accessories 406,1,4335,4335
1662,2026-04-09,318,Nikon Laptops 318,2,130027,260054
1660,2026-04-09,316,Lenovo Laptops 316,2,97199,194398
1606,2026-04-09,118,Nikon Mobiles 118,3,74686,224058
1760,2026-04-09,704,Apple Cameras 704,5,196133,980665
1642,2026-04-09,226,Noise Tablets 226,4,68549,274196
1779,2026-04-09,723,Apple Cameras 723,5,91551,457755
1614,2026-04-09,126,Apple Mobiles 126,4,73699,294796
1639,2026-04-09,223,Apple Tablets 223,4,19801,79204
1647,2026-04-09,303,Xiaomi Laptops 303,1,123507,123507
1651,2026-04-10,307,Noise Laptops 307,5,72706,363530
1778,2026-04-10,722,Apple Cameras 722,5,66641,333205
1600,2026-04-10,112,Nikon Mobiles 112,1,42087,42087
1698,2026-04-10,426,Apple Accessories 426,3,529,1587
1640,2026-04-10,224,Lenovo Tablets 224,3,19508,58524
1674,2026-04-10,402,Sony Accessories 402,5,2198,10990
1643,2026-04-10,227,Xiaomi Tablets 227,5,32332,161660
1784,2026-04-11,728,Noise Cameras 728,1,85602,85602
1689,2026-04-11,417,Dell Accessories 417,5,2435,12175
1769,2026-04-11,713,HP Cameras 713,4,90324,361296
1720,2026-04-11,520,Nikon Headphones 520,5,3073,15365
1726,2026-04-11,526,Canon Headphones 526,3,8253,24759
1751,2026-04-11,623,Boat Smart Watches 623,3,21002,63006
1765,2026-04-11,709,HP Cameras 709,4,173287,693148
1655,2026-04-11,311,Dell Laptops 311,2,66158,132316
1635,2026-04-11,219,Samsung Tablets 219,5,55591,277955
1762,2026-04-11,706,Xiaomi Cameras 706,1,94014,94014
1609,2026-04-12,121,Noise Mobiles 121,4,44973,179892
1754,2026-04-12,626,Samsung Smart Watches 626,1,12426,12426
1594,2026-04-12,106,Apple Mobiles 106,5,22156,110780
1681,2026-04-12,409,Canon Accessories 409,1,834,834
1702,2026-04-13,502,HP Headphones 502,2,2771,5542
1736,2026-04-13,608,Samsung Smart Watches 608,3,4992,14976
1612,2026-04-14,124,Nikon Mobiles 124,3,79514,238542
1757,2026-04-14,701,Noise Cameras 701,4,70464,281856
1737,2026-04-14,609,Boat Smart Watches 609,3,3318,9954
1705,2026-04-15,505,Nikon Headphones 505,1,8018,8018
1717,2026-04-15,517,Dell Headphones 517,3,2976,8928
1595,2026-04-15,107,HP Mobiles 107,1,15695,15695
1646,2026-04-15,302,Noise Laptops 302,5,95518,477590
1724,2026-04-15,524,Boat Headphones 524,3,11312,33936
1771,2026-04-15,715,Boat Cameras 715,4,125646,502584
1607,2026-04-16,119,Xiaomi Mobiles 119,3,65333,195999
1716,2026-04-16,516,Nikon Headphones 516,2,6419,12838
1711,2026-04-16,511,Lenovo Headphones 511,2,14071,28142
1653,2026-04-16,309,Xiaomi Laptops 309,1,136542,136542
1682,2026-04-16,410,Lenovo Accessories 410,4,2819,11276
1722,2026-04-16,522,Canon Headphones 522,4,8843,35372
1728,2026-04-16,528,Dell Headphones 528,5,3847,19235
1768,2026-04-16,712,HP Cameras 712,1,35751,35751
1764,2026-04-17,708,Canon Cameras 708,2,197222,394444
1610,2026-04-17,122,Xiaomi Mobiles 122,5,69470,347350
1638,2026-04-17,222,Canon Tablets 222,1,35720,35720
1659,2026-04-17,315,HP Laptops 315,1,45014,45014
1661,2026-04-17,317,Dell Laptops 317,2,73386,146772
1611,2026-04-18,123,Apple Mobiles 123,4,49117,196468
1648,2026-04-18,304,Sony Laptops 304,3,113519,340557
1714,2026-04-18,514,Samsung Headphones 514,2,2524,5048
1777,2026-04-18,721,Boat Cameras 721,1,88030,88030
1654,2026-04-19,310,Xiaomi Laptops 310,5,143202,716010
1733,2026-04-19,605,Samsung Smart Watches 605,3,7436,22308
1623,2026-04-19,207,Samsung Tablets 207,2,59129,118258
1657,2026-04-20,313,Apple Laptops 313,5,141361,706805
1665,2026-04-20,321,Sony Laptops 321,1,131384,131384
1704,2026-04-20,504,HP Headphones 504,2,14931,29862
1693,2026-04-20,421,Noise Accessories 421,2,3711,7422
1692,2026-04-20,420,Boat Accessories 420,3,4823,14469
1625,2026-04-21,209,Sony Tablets 209,1,27025,27025
1780,2026-04-21,724,Noise Cameras 724,5,171608,858040
1761,2026-04-21,705,Samsung Cameras 705,4,115032,460128
1699,2026-04-21,427,Samsung Accessories 427,4,1448,5792
1663,2026-04-21,319,Sony Laptops 319,4,49171,196684
1767,2026-04-21,711,Canon Cameras 711,2,57958,115916
1645,2026-04-22,301,Noise Laptops 301,5,74600,373000
1706,2026-04-22,506,Sony Headphones 506,4,14473,57892
1636,2026-04-22,220,Nikon Tablets 220,5,35733,178665
1592,2026-04-22,104,Noise Mobiles 104,5,64987,324935
1766,2026-04-22,710,Noise Cameras 710,5,141230,706150
1734,2026-04-22,606,Apple Smart Watches 606,4,17358,69432
1690,2026-04-22,418,Sony Accessories 418,2,2953,5906
1730,2026-04-22,602,HP Smart Watches 602,2,25165,50330
1615,2026-04-23,127,Nikon Mobiles 127,2,31643,63286
1591,2026-04-23,103,Dell Mobiles 103,3,40495,121485
1775,2026-04-23,719,HP Cameras 719,1,170659,170659
1641,2026-04-24,225,Nikon Tablets 225,3,61107,183321
1707,2026-04-24,507,Xiaomi Headphones 507,1,8135,8135
1677,2026-04-24,405,Canon Accessories 405,2,4551,9102
1783,2026-04-24,727,Samsung Cameras 727,1,134369,134369
1696,2026-04-24,424,Sony Accessories 424,2,2266,4532
1770,2026-04-24,714,Noise Cameras 714,3,65855,197565
1622,2026-04-24,206,Apple Tablets 206,5,21352,106760
1608,2026-04-25,120,Canon Mobiles 120,2,79352,158704
1632,2026-04-25,216,Samsung Tablets 216,2,53284,106568
1620,2026-04-25,204,Dell Tablets 204,2,33250,66500
1601,2026-04-26,113,Nikon Mobiles 113,2,38785,77570
1626,2026-04-26,210,Nikon Tablets 210,5,21416,107080
1773,2026-04-26,717,HP Cameras 717,3,156313,468939
1715,2026-04-26,515,Noise Headphones 515,3,10528,31584
1672,2026-04-26,328,Samsung Laptops 328,2,72092,144184
1673,2026-04-27,401,Noise Accessories 401,1,4915,4915
1629,2026-04-27,213,HP Tablets 213,3,66384,199152
1684,2026-04-27,412,Dell Accessories 412,5,726,3630
1735,2026-04-27,607,Canon Smart Watches 607,1,4635,4635
1618,2026-04-27,202,Nikon Tablets 202,3,30080,90240
1756,2026-04-27,628,Canon Smart Watches 628,3,5267,15801
1627,2026-04-27,211,Apple Tablets 211,4,64385,257540
1747,2026-04-28,619,Noise Smart Watches 619,1,29267,29267
1721,2026-04-28,521,Noise Headphones 521,2,13333,26666
1701,2026-04-28,501,HP Headphones 501,2,13564,27128
1748,2026-04-28,620,Canon Smart Watches 620,2,17473,34946
1603,2026-04-28,115,Lenovo Mobiles 115,1,37869,37869
1656,2026-04-28,312,Dell Laptops 312,5,43101,215505
1679,2026-04-28,407,Canon Accessories 407,5,3886,19430
1604,2026-04-28,116,Xiaomi Mobiles 116,5,44718,223590
1619,2026-04-29,203,Samsung Tablets 203,5,30003,150015
1718,2026-04-29,518,Dell Headphones 518,1,4545,4545
1667,2026-04-29,323,Nikon Laptops 323,5,149278,746390
1759,2026-04-29,703,Boat Cameras 703,1,47936,47936
1744,2026-04-29,616,HP Smart Watches 616,3,19996,59988
1628,2026-04-29,212,Dell Tablets 212,2,41282,82564
1738,2026-04-29,610,Xiaomi Smart Watches 610,2,21180,42360
1719,2026-04-30,519,Dell Headphones 519,5,5853,29265
1596,2026-04-30,108,HP Mobiles 108,4,57400,229600
1680,2026-04-30,408,HP Accessories 408,3,4470,13410
1613,2026-04-30,125,Lenovo Mobiles 125,4,50306,201224
1590,2026-04-30,102,Apple Mobiles 102,1,21395,21395
1727,2026-04-30,527,Dell Headphones 527,3,11248,33744
1669,2026-04-30,325,Noise Laptops 325,5,68010,340050
1731,2026-04-30,603,HP Smart Watches 603,2,27815,55630
1742,2026-04-30,614,Noise Smart Watches 614,1,19779,19779
1598,2026-04-30,110,HP Mobiles 110,2,69429,138858
1650,2026-04-30,306,Xiaomi Laptops 306,2,45482,90964
1752,2026-04-30,624,Lenovo Smart Watches 624,4,12893,51572
1864,2026-05-01,324,Boat Laptops 324,5,119516,597580
1896,2026-05-01,428,Noise Accessories 428,1,1137,1137
1888,2026-05-01,420,Boat Accessories 420,5,4823,24115
1878,2026-05-01,410,Lenovo Accessories 410,1,2819,2819
1899,2026-05-01,503,Sony Headphones 503,2,12714,25428
1816,2026-05-01,204,Dell Tablets 204,4,33250,133000
1876,2026-05-01,408,HP Accessories 408,4,4470,17880
1830,2026-05-02,218,Dell Tablets 218,4,41461,165844
1910,2026-05-02,514,Samsung Headphones 514,3,2524,7572
1833,2026-05-02,221,Dell Tablets 221,2,32407,64814
1963,2026-05-02,711,Canon Cameras 711,4,57958,231832
1897,2026-05-02,501,HP Headphones 501,1,13564,13564
1894,2026-05-02,426,Apple Accessories 426,2,529,1058
1951,2026-05-02,627,Canon Smart Watches 627,3,3213,9639
1822,2026-05-02,210,Nikon Tablets 210,4,21416,85664
1801,2026-05-03,117,HP Mobiles 117,2,66155,132310
1871,2026-05-03,403,Sony Accessories 403,3,1992,5976
1863,2026-05-03,323,Nikon Laptops 323,4,149278,597112
1804,2026-05-03,120,Canon Mobiles 120,4,79352,317408
1962,2026-05-03,710,Noise Cameras 710,5,141230,706150
1941,2026-05-03,617,Samsung Smart Watches 617,4,22644,90576
1856,2026-05-03,316,Lenovo Laptops 316,5,97199,485995
1796,2026-05-03,112,Nikon Mobiles 112,2,42087,84174
1812,2026-05-03,128,Dell Mobiles 128,4,50857,203428
1936,2026-05-04,612,Sony Smart Watches 612,3,24730,74190
1839,2026-05-04,227,Xiaomi Tablets 227,1,32332,32332
1975,2026-05-04,723,Apple Cameras 723,1,91551,91551
1785,2026-05-04,101,Noise Mobiles 101,4,24592,98368
1815,2026-05-05,203,Samsung Tablets 203,3,30003,90009
1800,2026-05-05,116,Xiaomi Mobiles 116,5,44718,223590
1914,2026-05-05,518,Dell Headphones 518,2,4545,9090
1849,2026-05-05,309,Xiaomi Laptops 309,1,136542,136542
1903,2026-05-06,507,Xiaomi Headphones 507,5,8135,40675
1836,2026-05-06,224,Lenovo Tablets 224,2,19508,39016
1858,2026-05-06,318,Nikon Laptops 318,1,130027,130027
1969,2026-05-06,717,HP Cameras 717,4,156313,625252
1874,2026-05-06,406,Boat Accessories 406,4,4335,17340
1869,2026-05-06,401,Noise Accessories 401,3,4915,14745
1820,2026-05-06,208,Apple Tablets 208,2,31295,62590
1964,2026-05-07,712,HP Cameras 712,2,35751,71502
1927,2026-05-07,603,HP Smart Watches 603,2,27815,55630
1829,2026-05-07,217,Nikon Tablets 217,1,20250,20250
1866,2026-05-07,326,Apple Laptops 326,4,77196,308784
1909,2026-05-07,513,Nikon Headphones 513,4,13421,53684
1904,2026-05-07,508,Sony Headphones 508,2,14528,29056
1906,2026-05-07,510,Samsung Headphones 510,2,9098,18196
1959,2026-05-08,707,Xiaomi Cameras 707,5,50701,253505
1853,2026-05-08,313,Apple Laptops 313,5,141361,706805
1788,2026-05-08,104,Noise Mobiles 104,5,64987,324935
1880,2026-05-08,412,Dell Accessories 412,4,726,2904
1862,2026-05-09,322,Noise Laptops 322,1,89695,89695
1932,2026-05-09,608,Samsung Smart Watches 608,5,4992,24960
1865,2026-05-09,325,Noise Laptops 325,5,68010,340050
1949,2026-05-09,625,Dell Smart Watches 625,1,24855,24855
1952,2026-05-09,628,Canon Smart Watches 628,2,5267,10534
1811,2026-05-09,127,Nikon Mobiles 127,1,31643,31643
1980,2026-05-09,728,Noise Cameras 728,4,85602,342408
1925,2026-05-09,601,Canon Smart Watches 601,1,24589,24589
1915,2026-05-09,519,Dell Headphones 519,4,5853,23412
1960,2026-05-09,708,Canon Cameras 708,5,197222,986110
1790,2026-05-10,106,Apple Mobiles 106,3,22156,66468
1900,2026-05-10,504,HP Headphones 504,1,14931,14931
1848,2026-05-10,308,Xiaomi Laptops 308,1,71029,71029
1787,2026-05-10,103,Dell Mobiles 103,1,40495,40495
1968,2026-05-11,716,Xiaomi Cameras 716,5,82637,413185
1852,2026-05-11,312,Dell Laptops 312,1,43101,43101
1965,2026-05-11,713,HP Cameras 713,3,90324,270972
1974,2026-05-11,722,Apple Cameras 722,5,66641,333205
1818,2026-05-11,206,Apple Tablets 206,5,21352,106760
1956,2026-05-11,704,Apple Cameras 704,3,196133,588399
1912,2026-05-11,516,Nikon Headphones 516,4,6419,25676
1935,2026-05-11,611,Lenovo Smart Watches 611,3,15380,46140
1957,2026-05-12,705,Samsung Cameras 705,5,115032,575160
1923,2026-05-12,527,Dell Headphones 527,4,11248,44992
1851,2026-05-12,311,Dell Laptops 311,4,66158,264632
1808,2026-05-12,124,Nikon Mobiles 124,2,79514,159028
1976,2026-05-12,724,Noise Cameras 724,2,171608,343216
1908,2026-05-12,512,Nikon Headphones 512,2,4130,8260
1953,2026-05-12,701,Noise Cameras 701,2,70464,140928
1845,2026-05-12,305,Samsung Laptops 305,2,149392,298784
1947,2026-05-13,623,Boat Smart Watches 623,2,21002,42004
1942,2026-05-13,618,Nikon Smart Watches 618,5,15369,76845
1967,2026-05-13,715,Boat Cameras 715,4,125646,502584
1870,2026-05-13,402,Sony Accessories 402,4,2198,8792
1889,2026-05-13,421,Noise Accessories 421,5,3711,18555
1842,2026-05-13,302,Noise Laptops 302,1,95518,95518
1807,2026-05-13,123,Apple Mobiles 123,4,49117,196468
1868,2026-05-13,328,Samsung Laptops 328,2,72092,144184
1844,2026-05-14,304,Sony Laptops 304,5,113519,567595
1885,2026-05-14,417,Dell Accessories 417,2,2435,4870
1828,2026-05-14,216,Samsung Tablets 216,3,53284,159852
1958,2026-05-14,706,Xiaomi Cameras 706,3,94014,282042
1859,2026-05-15,319,Sony Laptops 319,2,49171,98342
1898,2026-05-15,502,HP Headphones 502,1,2771,2771
1795,2026-05-15,111,Dell Mobiles 111,2,44993,89986
1843,2026-05-15,303,Xiaomi Laptops 303,5,123507,617535
1855,2026-05-15,315,HP Laptops 315,1,45014,45014
1814,2026-05-15,202,Nikon Tablets 202,1,30080,30080
1945,2026-05-15,621,Dell Smart Watches 621,3,21640,64920
1825,2026-05-16,213,HP Tablets 213,5,66384,331920
1907,2026-05-16,511,Lenovo Headphones 511,4,14071,56284
1854,2026-05-16,314,Nikon Laptops 314,2,83404,166808
1917,2026-05-16,521,Noise Headphones 521,4,13333,53332
1931,2026-05-16,607,Canon Smart Watches 607,3,4635,13905
1913,2026-05-16,517,Dell Headphones 517,3,2976,8928
1802,2026-05-17,118,Nikon Mobiles 118,4,74686,298744
1938,2026-05-17,614,Noise Smart Watches 614,2,19779,39558
1916,2026-05-17,520,Nikon Headphones 520,4,3073,12292
1924,2026-05-17,528,Dell Headphones 528,2,3847,7694
1887,2026-05-18,419,Xiaomi Accessories 419,2,4028,8056
1939,2026-05-18,615,Boat Smart Watches 615,3,26787,80361
1798,2026-05-18,114,Lenovo Mobiles 114,3,62581,187743
1921,2026-05-18,525,Apple Headphones 525,3,5066,15198
1805,2026-05-19,121,Noise Mobiles 121,2,44973,89946
1883,2026-05-19,415,Sony Accessories 415,3,4107,12321
1929,2026-05-19,605,Samsung Smart Watches 605,3,7436,22308
1940,2026-05-19,616,HP Smart Watches 616,2,19996,39992
1973,2026-05-19,721,Boat Cameras 721,2,88030,176060
1793,2026-05-19,109,Noise Mobiles 109,1,39871,39871
1926,2026-05-20,602,HP Smart Watches 602,3,25165,75495
1872,2026-05-20,404,Nikon Accessories 404,3,2241,6723
1918,2026-05-20,522,Canon Headphones 522,2,8843,17686
1919,2026-05-21,523,Canon Headphones 523,4,2869,11476
1920,2026-05-21,524,Boat Headphones 524,3,11312,33936
1972,2026-05-21,720,Noise Cameras 720,2,127379,254758
1966,2026-05-21,714,Noise Cameras 714,2,65855,131710
1879,2026-05-21,411,Xiaomi Accessories 411,3,2094,6282
1886,2026-05-21,418,Sony Accessories 418,5,2953,14765
1803,2026-05-21,119,Xiaomi Mobiles 119,5,65333,326665
1933,2026-05-21,609,Boat Smart Watches 609,3,3318,9954
1902,2026-05-21,506,Sony Headphones 506,1,14473,14473
1791,2026-05-21,107,HP Mobiles 107,3,15695,47085
1831,2026-05-21,219,Samsung Tablets 219,3,55591,166773
1813,2026-05-22,201,Apple Tablets 201,2,31246,62492
1786,2026-05-22,102,Apple Mobiles 102,3,21395,64185
1928,2026-05-22,604,Nikon Smart Watches 604,4,9366,37464
1944,2026-05-22,620,Canon Smart Watches 620,2,17473,34946
1827,2026-05-22,215,Samsung Tablets 215,4,52957,211828
1954,2026-05-23,702,Noise Cameras 702,1,51054,51054
1881,2026-05-23,413,Nikon Accessories 413,3,4016,12048
1821,2026-05-23,209,Sony Tablets 209,3,27025,81075
1794,2026-05-23,110,HP Mobiles 110,1,69429,69429
1979,2026-05-23,727,Samsung Cameras 727,3,134369,403107
1832,2026-05-23,220,Nikon Tablets 220,1,35733,35733
1834,2026-05-24,222,Canon Tablets 222,3,35720,107160
1950,2026-05-24,626,Samsung Smart Watches 626,2,12426,24852
1971,2026-05-24,719,HP Cameras 719,3,170659,511977
1930,2026-05-25,606,Apple Smart Watches 606,2,17358,34716
1824,2026-05-25,212,Dell Tablets 212,2,41282,82564
1892,2026-05-25,424,Sony Accessories 424,1,2266,2266
1797,2026-05-25,113,Nikon Mobiles 113,5,38785,193925
1978,2026-05-25,726,Canon Cameras 726,4,146574,586296
1948,2026-05-26,624,Lenovo Smart Watches 624,1,12893,12893
1810,2026-05-26,126,Apple Mobiles 126,3,73699,221097
1882,2026-05-26,414,Sony Accessories 414,5,3390,16950
1860,2026-05-26,320,Apple Laptops 320,2,134339,268678
1806,2026-05-26,122,Xiaomi Mobiles 122,1,69470,69470
1961,2026-05-27,709,HP Cameras 709,5,173287,866435
1875,2026-05-27,407,Canon Accessories 407,3,3886,11658
1817,2026-05-27,205,Boat Tablets 205,4,52762,211048
1911,2026-05-27,515,Noise Headphones 515,4,10528,42112
1835,2026-05-27,223,Apple Tablets 223,2,19801,39602
1901,2026-05-27,505,Nikon Headphones 505,3,8018,24054
1890,2026-05-27,422,Samsung Accessories 422,2,2331,4662
1970,2026-05-27,718,Xiaomi Cameras 718,3,89143,267429
1873,2026-05-27,405,Canon Accessories 405,1,4551,4551
1789,2026-05-27,105,Xiaomi Mobiles 105,1,65392,65392
1937,2026-05-27,613,Apple Smart Watches 613,4,12306,49224
1837,2026-05-28,225,Nikon Tablets 225,2,61107,122214
1840,2026-05-28,228,HP Tablets 228,4,33465,133860
1841,2026-05-28,301,Noise Laptops 301,3,74600,223800
1850,2026-05-28,310,Xiaomi Laptops 310,1,143202,143202
1884,2026-05-28,416,Sony Accessories 416,5,3632,18160
1857,2026-05-28,317,Dell Laptops 317,3,73386,220158
1826,2026-05-28,214,Nikon Tablets 214,5,58376,291880
1792,2026-05-29,108,HP Mobiles 108,3,57400,172200
1946,2026-05-29,622,Sony Smart Watches 622,5,13137,65685
1819,2026-05-29,207,Samsung Tablets 207,5,59129,295645
1895,2026-05-29,427,Samsung Accessories 427,3,1448,4344
1877,2026-05-29,409,Canon Accessories 409,5,834,4170
1846,2026-05-29,306,Xiaomi Laptops 306,2,45482,90964
1934,2026-05-30,610,Xiaomi Smart Watches 610,3,21180,63540
1809,2026-05-30,125,Lenovo Mobiles 125,4,50306,201224
1905,2026-05-30,509,HP Headphones 509,4,8385,33540
1893,2026-05-30,425,Nikon Accessories 425,4,626,2504
1891,2026-05-30,423,Canon Accessories 423,5,2877,14385
1823,2026-05-30,211,Apple Tablets 211,1,64385,64385
1867,2026-05-30,327,Dell Laptops 327,4,128184,512736
1977,2026-05-30,725,Boat Cameras 725,2,136985,273970
1838,2026-05-30,226,Noise Tablets 226,3,68549,205647
1799,2026-05-31,115,Lenovo Mobiles 115,2,37869,75738
1861,2026-05-31,321,Sony Laptops 321,3,131384,394152
1955,2026-05-31,703,Boat Cameras 703,3,47936,143808
1922,2026-05-31,526,Canon Headphones 526,4,8253,33012
1943,2026-05-31,619,Noise Smart Watches 619,1,29267,29267
1847,2026-05-31,307,Noise Laptops 307,3,72706,218118
2034,2026-06-01,226,Noise Tablets 226,3,68549,205647
2147,2026-06-01,627,Canon Smart Watches 627,2,3213,6426
2097,2026-06-01,505,Nikon Headphones 505,4,8018,32072
2079,2026-06-01,415,Sony Accessories 415,4,4107,16428
2069,2026-06-01,405,Canon Accessories 405,5,4551,22755
2020,2026-06-01,212,Dell Tablets 212,3,41282,123846
2176,2026-06-01,728,Noise Cameras 728,3,85602,256806
2018,2026-06-02,210,Nikon Tablets 210,5,21416,107080
2010,2026-06-02,202,Nikon Tablets 202,2,30080,60160
2092,2026-06-02,428,Noise Accessories 428,4,1137,4548
2148,2026-06-02,628,Canon Smart Watches 628,4,5267,21068
2032,2026-06-02,224,Lenovo Tablets 224,2,19508,39016
2035,2026-06-02,227,Xiaomi Tablets 227,2,32332,64664
1983,2026-06-02,103,Dell Mobiles 103,5,40495,202475
2086,2026-06-03,422,Samsung Accessories 422,3,2331,6993
2037,2026-06-03,301,Noise Laptops 301,4,74600,298400
2156,2026-06-03,708,Canon Cameras 708,3,197222,591666
2017,2026-06-03,209,Sony Tablets 209,5,27025,135125
2013,2026-06-03,205,Boat Tablets 205,4,52762,211048
2127,2026-06-04,607,Canon Smart Watches 607,5,4635,23175
2026,2026-06-04,218,Dell Tablets 218,5,41461,207305
1994,2026-06-04,114,Lenovo Mobiles 114,2,62581,125162
2071,2026-06-04,407,Canon Accessories 407,5,3886,19430
2115,2026-06-04,523,Canon Headphones 523,2,2869,5738
2152,2026-06-04,704,Apple Cameras 704,5,196133,980665
2089,2026-06-04,425,Nikon Accessories 425,3,626,1878
2150,2026-06-05,702,Noise Cameras 702,1,51054,51054
2142,2026-06-05,622,Sony Smart Watches 622,3,13137,39411
2158,2026-06-05,710,Noise Cameras 710,5,141230,706150
2016,2026-06-05,208,Apple Tablets 208,2,31295,62590
2055,2026-06-05,319,Sony Laptops 319,5,49171,245855
2046,2026-06-05,310,Xiaomi Laptops 310,5,143202,716010
2053,2026-06-05,317,Dell Laptops 317,1,73386,73386
2096,2026-06-05,504,HP Headphones 504,2,14931,29862
2108,2026-06-05,516,Nikon Headphones 516,2,6419,12838
2098,2026-06-06,506,Sony Headphones 506,1,14473,14473
2170,2026-06-06,722,Apple Cameras 722,1,66641,66641
2038,2026-06-06,302,Noise Laptops 302,1,95518,95518
1997,2026-06-06,117,HP Mobiles 117,2,66155,132310
2145,2026-06-06,625,Dell Smart Watches 625,5,24855,124275
2028,2026-06-06,220,Nikon Tablets 220,1,35733,35733
2135,2026-06-07,615,Boat Smart Watches 615,3,26787,80361
1991,2026-06-07,111,Dell Mobiles 111,5,44993,224965
2042,2026-06-07,306,Xiaomi Laptops 306,4,45482,181928
2157,2026-06-07,709,HP Cameras 709,3,173287,519861
1998,2026-06-07,118,Nikon Mobiles 118,5,74686,373430
2114,2026-06-07,522,Canon Headphones 522,4,8843,35372
2126,2026-06-07,606,Apple Smart Watches 606,5,17358,86790
2136,2026-06-07,616,HP Smart Watches 616,4,19996,79984
2159,2026-06-07,711,Canon Cameras 711,4,57958,231832
2088,2026-06-08,424,Sony Accessories 424,5,2266,11330
2004,2026-06-08,124,Nikon Mobiles 124,1,79514,79514
2091,2026-06-08,427,Samsung Accessories 427,2,1448,2896
2093,2026-06-08,501,HP Headphones 501,4,13564,54256
2085,2026-06-08,421,Noise Accessories 421,5,3711,18555
2021,2026-06-08,213,HP Tablets 213,5,66384,331920
2047,2026-06-08,311,Dell Laptops 311,1,66158,66158
2172,2026-06-09,724,Noise Cameras 724,5,171608,858040
2019,2026-06-09,211,Apple Tablets 211,3,64385,193155
1986,2026-06-09,106,Apple Mobiles 106,5,22156,110780
2039,2026-06-09,303,Xiaomi Laptops 303,3,123507,370521
2122,2026-06-10,602,HP Smart Watches 602,4,25165,100660
2076,2026-06-10,412,Dell Accessories 412,4,726,2904
2125,2026-06-10,605,Samsung Smart Watches 605,2,7436,14872
2130,2026-06-10,610,Xiaomi Smart Watches 610,2,21180,42360
2131,2026-06-10,611,Lenovo Smart Watches 611,2,15380,30760
2124,2026-06-10,604,Nikon Smart Watches 604,3,9366,28098
2075,2026-06-10,411,Xiaomi Accessories 411,1,2094,2094
2057,2026-06-10,321,Sony Laptops 321,1,131384,131384
2161,2026-06-10,713,HP Cameras 713,5,90324,451620
2043,2026-06-10,307,Noise Laptops 307,5,72706,363530
2060,2026-06-11,324,Boat Laptops 324,1,119516,119516
1996,2026-06-11,116,Xiaomi Mobiles 116,1,44718,44718
2146,2026-06-11,626,Samsung Smart Watches 626,2,12426,24852
2065,2026-06-11,401,Noise Accessories 401,2,4915,9830
2033,2026-06-11,225,Nikon Tablets 225,3,61107,183321
2175,2026-06-12,727,Samsung Cameras 727,1,134369,134369
2066,2026-06-12,402,Sony Accessories 402,5,2198,10990
2151,2026-06-12,703,Boat Cameras 703,1,47936,47936
2162,2026-06-12,714,Noise Cameras 714,5,65855,329275
2014,2026-06-12,206,Apple Tablets 206,2,21352,42704
2106,2026-06-12,514,Samsung Headphones 514,2,2524,5048
2168,2026-06-12,720,Noise Cameras 720,2,127379,254758
2118,2026-06-12,526,Canon Headphones 526,1,8253,8253
2095,2026-06-12,503,Sony Headphones 503,4,12714,50856
2090,2026-06-13,426,Apple Accessories 426,3,529,1587
2107,2026-06-13,515,Noise Headphones 515,2,10528,21056
2109,2026-06-13,517,Dell Headphones 517,5,2976,14880
2002,2026-06-13,122,Xiaomi Mobiles 122,2,69470,138940
2072,2026-06-13,408,HP Accessories 408,2,4470,8940
2050,2026-06-13,314,Nikon Laptops 314,1,83404,83404
2061,2026-06-13,325,Noise Laptops 325,5,68010,340050
2119,2026-06-14,527,Dell Headphones 527,4,11248,44992
2051,2026-06-14,315,HP Laptops 315,3,45014,135042
2052,2026-06-14,316,Lenovo Laptops 316,5,97199,485995
2068,2026-06-14,404,Nikon Accessories 404,1,2241,2241
2155,2026-06-14,707,Xiaomi Cameras 707,1,50701,50701
2031,2026-06-15,223,Apple Tablets 223,5,19801,99005
2074,2026-06-15,410,Lenovo Accessories 410,5,2819,14095
2111,2026-06-15,519,Dell Headphones 519,1,5853,5853
2030,2026-06-15,222,Canon Tablets 222,4,35720,142880
2123,2026-06-16,603,HP Smart Watches 603,1,27815,27815
2105,2026-06-16,513,Nikon Headphones 513,5,13421,67105
2005,2026-06-16,125,Lenovo Mobiles 125,2,50306,100612
1981,2026-06-16,101,Noise Mobiles 101,2,24592,49184
2064,2026-06-16,328,Samsung Laptops 328,5,72092,360460
1988,2026-06-16,108,HP Mobiles 108,2,57400,114800
2015,2026-06-16,207,Samsung Tablets 207,1,59129,59129
2023,2026-06-16,215,Samsung Tablets 215,4,52957,211828
2149,2026-06-16,701,Noise Cameras 701,5,70464,352320
2049,2026-06-17,313,Apple Laptops 313,4,141361,565444
2171,2026-06-17,723,Apple Cameras 723,1,91551,91551
2029,2026-06-17,221,Dell Tablets 221,1,32407,32407
2083,2026-06-17,419,Xiaomi Accessories 419,1,4028,4028
2087,2026-06-17,423,Canon Accessories 423,2,2877,5754
2025,2026-06-17,217,Nikon Tablets 217,3,20250,60750
2104,2026-06-17,512,Nikon Headphones 512,4,4130,16520
2144,2026-06-17,624,Lenovo Smart Watches 624,3,12893,38679
2169,2026-06-18,721,Boat Cameras 721,5,88030,440150
2117,2026-06-18,525,Apple Headphones 525,3,5066,15198
2167,2026-06-18,719,HP Cameras 719,3,170659,511977
2153,2026-06-18,705,Samsung Cameras 705,3,115032,345096
2154,2026-06-18,706,Xiaomi Cameras 706,1,94014,94014
2099,2026-06-18,507,Xiaomi Headphones 507,5,8135,40675
1987,2026-06-18,107,HP Mobiles 107,4,15695,62780
2006,2026-06-19,126,Apple Mobiles 126,4,73699,294796
2048,2026-06-19,312,Dell Laptops 312,4,43101,172404
2121,2026-06-19,601,Canon Smart Watches 601,3,24589,73767
2009,2026-06-19,201,Apple Tablets 201,4,31246,124984
2027,2026-06-19,219,Samsung Tablets 219,5,55591,277955
2024,2026-06-19,216,Samsung Tablets 216,5,53284,266420
2101,2026-06-20,509,HP Headphones 509,3,8385,25155
2058,2026-06-20,322,Noise Laptops 322,5,89695,448475
2139,2026-06-20,619,Noise Smart Watches 619,3,29267,87801
2166,2026-06-20,718,Xiaomi Cameras 718,3,89143,267429
2165,2026-06-20,717,HP Cameras 717,3,156313,468939
1989,2026-06-20,109,Noise Mobiles 109,5,39871,199355
2141,2026-06-20,621,Dell Smart Watches 621,2,21640,43280
2073,2026-06-21,409,Canon Accessories 409,2,834,1668
2044,2026-06-21,308,Xiaomi Laptops 308,3,71029,213087
2102,2026-06-21,510,Samsung Headphones 510,4,9098,36392
1999,2026-06-21,119,Xiaomi Mobiles 119,4,65333,261332
2059,2026-06-21,323,Nikon Laptops 323,4,149278,597112
2011,2026-06-22,203,Samsung Tablets 203,3,30003,90009
2077,2026-06-22,413,Nikon Accessories 413,2,4016,8032
2129,2026-06-23,609,Boat Smart Watches 609,1,3318,3318
1984,2026-06-23,104,Noise Mobiles 104,1,64987,64987
2062,2026-06-23,326,Apple Laptops 326,3,77196,231588
2081,2026-06-23,417,Dell Accessories 417,4,2435,9740
1992,2026-06-23,112,Nikon Mobiles 112,2,42087,84174
2140,2026-06-24,620,Canon Smart Watches 620,4,17473,69892
2134,2026-06-24,614,Noise Smart Watches 614,3,19779,59337
2001,2026-06-24,121,Noise Mobiles 121,1,44973,44973
2174,2026-06-24,726,Canon Cameras 726,1,146574,146574
2133,2026-06-24,613,Apple Smart Watches 613,2,12306,24612
1993,2026-06-25,113,Nikon Mobiles 113,2,38785,77570
2045,2026-06-25,309,Xiaomi Laptops 309,3,136542,409626
2163,2026-06-25,715,Boat Cameras 715,1,125646,125646
2003,2026-06-25,123,Apple Mobiles 123,3,49117,147351
2084,2026-06-25,420,Boat Accessories 420,4,4823,19292
2137,2026-06-26,617,Samsung Smart Watches 617,3,22644,67932
2080,2026-06-26,416,Sony Accessories 416,1,3632,3632
1982,2026-06-26,102,Apple Mobiles 102,5,21395,106975
2008,2026-06-26,128,Dell Mobiles 128,3,50857,152571
2110,2026-06-26,518,Dell Headphones 518,2,4545,9090
1990,2026-06-26,110,HP Mobiles 110,1,69429,69429
2082,2026-06-26,418,Sony Accessories 418,5,2953,14765
2054,2026-06-27,318,Nikon Laptops 318,5,130027,650135
2000,2026-06-27,120,Canon Mobiles 120,4,79352,317408
2007,2026-06-27,127,Nikon Mobiles 127,2,31643,63286
1995,2026-06-27,115,Lenovo Mobiles 115,4,37869,151476
2128,2026-06-27,608,Samsung Smart Watches 608,1,4992,4992
2056,2026-06-27,320,Apple Laptops 320,5,134339,671695
2067,2026-06-27,403,Sony Accessories 403,5,1992,9960
2113,2026-06-27,521,Noise Headphones 521,4,13333,53332
2103,2026-06-27,511,Lenovo Headphones 511,2,14071,28142
2078,2026-06-27,414,Sony Accessories 414,2,3390,6780
2116,2026-06-28,524,Boat Headphones 524,4,11312,45248
2173,2026-06-28,725,Boat Cameras 725,1,136985,136985
2100,2026-06-28,508,Sony Headphones 508,3,14528,43584
2070,2026-06-28,406,Boat Accessories 406,4,4335,17340
2063,2026-06-28,327,Dell Laptops 327,3,128184,384552
2041,2026-06-28,305,Samsung Laptops 305,2,149392,298784
2012,2026-06-28,204,Dell Tablets 204,5,33250,166250
2164,2026-06-28,716,Xiaomi Cameras 716,2,82637,165274
2094,2026-06-29,502,HP Headphones 502,4,2771,11084
2022,2026-06-29,214,Nikon Tablets 214,4,58376,233504
2138,2026-06-29,618,Nikon Smart Watches 618,1,15369,15369
1985,2026-06-29,105,Xiaomi Mobiles 105,1,65392,65392
2112,2026-06-29,520,Nikon Headphones 520,5,3073,15365
2036,2026-06-29,228,HP Tablets 228,4,33465,133860
2040,2026-06-29,304,Sony Laptops 304,3,113519,340557
2160,2026-06-30,712,HP Cameras 712,5,35751,178755
2120,2026-06-30,528,Dell Headphones 528,5,3847,19235
2143,2026-06-30,623,Boat Smart Watches 623,2,21002,42004
2132,2026-06-30,612,Sony Smart Watches 612,3,24730,74190
